{"1": [345.58602787289243, 1714994656.0, 55.73400114942998, 31.8828131205846], "2": [51.92583631144936, 1715000642.0, 55.866794248779094, 38.2317642602387], "3": [108.30464787698774, 1715007948.0, 55.89957305030193, 39.134591694420266], "4": [319.9074279384575, 1715014731.0, 56.11049518456107, 42.51894106931157], "5": [112.16050072991291, 1714983478.0, 55.90381555629388, 35.61953819968527], "6": [76.68323839905253, 1715031418.0, 55.77708646538448, 36.18207523761965]}