{
  "1": [
    223.38104060462243,
    1683023752.0,
    55.99853008293953,
    33.840861940925734
  ],
  "2": [
    100.40914981415015,
    1683030071.0,
    55.73941768709715,
    39.00907665265173
  ],
  "3": [
    177.33598701750958,
    1683079188.0,
    55.699793004848715,
    34.57978993727292
  ],
  "4": [
    146.2195582900112,
    1683085509.0,
    55.89888475298285,
    39.74434770166017
  ],
  "5": [
    229.70590843490012,
    1683053979.0,
    56.024773402791574,
    33.74238938511751
  ],
  "6": [
    90.18112422819789,
    1683060299.0,
    55.77189362104975,
    38.849114254582545
  ]
}